{
    "name": "root",
    "metadata": {
        "timer_format_version": "0.1.0",
        "start_time_seconds": "1679936159",
        "python_version": "3.10.0 (tags/v3.10.0:b494f59, Oct  4 2021, 19:00:18) [MSC v.1929 64 bit (AMD64)]",
        "command_line_arguments": "C:\\Users\\Andy\\Documents\\GitHubProjects\\ml-agents-com.unity.ml-agents_1.0.8\\AI Final Assignment\\venv\\Scripts\\mlagents-learn --force",
        "mlagents_version": "0.30.0",
        "mlagents_envs_version": "0.30.0",
        "communication_protocol_version": "1.5.0",
        "pytorch_version": "1.11.0+cpu",
        "numpy_version": "1.21.2",
        "end_time_seconds": "1679936165"
    },
    "total": 6.175052400001732,
    "count": 1,
    "self": 0.011011800001142547,
    "children": {
        "run_training.setup": {
            "total": 0.07464600000093924,
            "count": 1,
            "self": 0.07464600000093924
        },
        "TrainerController.start_learning": {
            "total": 6.08939459999965,
            "count": 1,
            "self": 0.0001190999973914586,
            "children": {
                "TrainerController._reset_env": {
                    "total": 5.992749500001082,
                    "count": 1,
                    "self": 5.992749500001082
                },
                "TrainerController.advance": {
                    "total": 0.009194600002956577,
                    "count": 1,
                    "self": 6.70000008540228e-06,
                    "children": {
                        "env_step": {
                            "total": 0.009187900002871174,
                            "count": 1,
                            "self": 9.549999958835542e-05,
                            "children": {
                                "SubprocessEnvManager._take_step": {
                                    "total": 0.009092400003282819,
                                    "count": 1,
                                    "self": 2.6500005333218724e-05,
                                    "children": {
                                        "TorchPolicy.evaluate": {
                                            "total": 0.0090658999979496,
                                            "count": 1,
                                            "self": 0.0090658999979496
                                        }
                                    }
                                }
                            }
                        }
                    }
                },
                "TrainerController._save_models": {
                    "total": 0.08733139999822015,
                    "count": 1,
                    "self": 0.0011643000034382567,
                    "children": {
                        "RLTrainer._checkpoint": {
                            "total": 0.08616709999478189,
                            "count": 1,
                            "self": 0.08616709999478189
                        }
                    }
                }
            }
        }
    }
}